order_number,order_date,customer_email,customer_name,product_number,product_name,quantity,subtotal
1,2024-05-19 13:11:32,david89@example.net,Dawn Turner,PROD-301097,Smartphone Message,1,1042.61
1,2024-05-19 13:11:32,david89@example.net,Dawn Turner,PROD-964952,Jeans Nation,1,54.57
1,2024-05-19 13:11:32,david89@example.net,Dawn Turner,PROD-139460,Skincare Set Organization,1,78.59
2,2023-11-12 13:11:32,desireegreen@example.net,Kristen Burnett,PROD-15678,Yoga Mat Free,3,80.46
2,2023-11-12 13:11:32,desireegreen@example.net,Kristen Burnett,PROD-251779,Basketball Notice,3,151.17
2,2023-11-12 13:11:32,desireegreen@example.net,Kristen Burnett,PROD-924513,Jeans Media,1,58.95
2,2023-11-12 13:11:32,desireegreen@example.net,Kristen Burnett,PROD-83082,Tennis Racket Foreign,3,369.51
2,2023-11-12 13:11:32,desireegreen@example.net,Kristen Burnett,PROD-589713,Comic Book Recently,1,16.24
3,2024-04-08 13:11:32,carterbryan@example.com,Sarah Olson,PROD-998264,Remote Car Even,1,110.18
3,2024-04-08 13:11:32,carterbryan@example.com,Sarah Olson,PROD-628021,Cookware Set Drive,2,519.24
3,2024-04-08 13:11:32,carterbryan@example.com,Sarah Olson,PROD-93883,Board Game After,3,85.41
3,2024-04-08 13:11:32,carterbryan@example.com,Sarah Olson,PROD-947266,Comic Book Already,3,78.15
3,2024-04-08 13:11:32,carterbryan@example.com,Sarah Olson,PROD-821753,Basketball Keep,2,88.14
4,2024-03-05 13:11:32,juangraham@example.org,James Webster,PROD-11761,Cookware Set Society,2,252.62
4,2024-03-05 13:11:32,juangraham@example.org,James Webster,PROD-930838,Laptop Can,1,1895.28
4,2024-03-05 13:11:32,juangraham@example.org,James Webster,PROD-998264,Remote Car Even,3,330.54
4,2024-03-05 13:11:32,juangraham@example.org,James Webster,PROD-685406,Headphones Capital,2,516.46
5,2024-08-28 13:11:32,hernandezsandra@example.com,Corey Gillespie,PROD-726894,T-Shirt Rule,1,30.22
5,2024-08-28 13:11:32,hernandezsandra@example.com,Corey Gillespie,PROD-218842,Action Figure Detail,1,22.98
7,2024-06-30 13:11:32,desireegreen@example.net,Kristen Burnett,PROD-225030,T-Shirt Under,3,113.1
8,2024-03-20 13:11:32,ronald98@example.net,Mrs. Rachel White,PROD-695534,Novel Best,3,33.87
8,2024-03-20 13:11:32,ronald98@example.net,Mrs. Rachel White,PROD-398932,Jacket Everybody,3,468.87
8,2024-03-20 13:11:32,ronald98@example.net,Mrs. Rachel White,PROD-897964,Dumbbells Rest,3,191.67
9,2024-10-15 13:11:32,randallharrington@example.com,Darrell Hess,PROD-15678,Yoga Mat Free,3,80.46
9,2024-10-15 13:11:32,randallharrington@example.com,Darrell Hess,PROD-751572,Headphones We,2,305.86
10,2023-12-21 13:11:32,david89@example.net,Dawn Turner,PROD-173552,Dumbbells Response,3,149.1
11,2024-08-10 13:11:32,wesley52@example.org,Christine Clark,PROD-618484,Remote Car Should,2,185.28
11,2024-08-10 13:11:32,wesley52@example.org,Christine Clark,PROD-83082,Tennis Racket Foreign,2,246.34
11,2024-08-10 13:11:32,wesley52@example.org,Christine Clark,PROD-998264,Remote Car Even,2,220.36
12,2023-11-17 13:11:32,donald05@example.org,Dawn Snow,PROD-685406,Headphones Capital,1,258.23
12,2023-11-17 13:11:32,donald05@example.org,Dawn Snow,PROD-950425,Coffee Maker Second,3,301.11
12,2023-11-17 13:11:32,donald05@example.org,Dawn Snow,PROD-675549,Hair Dryer Discuss,3,111.93
13,2024-11-11 13:11:32,dianebutler@example.net,Robert Bowen,PROD-345324,Blender Benefit,1,120.06
13,2024-11-11 13:11:32,dianebutler@example.net,Robert Bowen,PROD-844773,Coffee Maker Choice,1,39.84
13,2024-11-11 13:11:32,dianebutler@example.net,Robert Bowen,PROD-26135,Textbook Away,2,266.44
14,2024-06-14 13:11:32,twright@example.com,Jeremy Thompson,PROD-895268,Cookbook Usually,2,81.6
15,2024-07-02 13:11:32,lisa95@example.net,Mr. Danny Vance Jr.,PROD-849622,Textbook Good,3,156.48
15,2024-07-02 13:11:32,lisa95@example.net,Mr. Danny Vance Jr.,PROD-951366,Action Figure Assume,1,35.36
15,2024-07-02 13:11:32,lisa95@example.net,Mr. Danny Vance Jr.,PROD-50036,Remote Car Case,1,117.29
15,2024-07-02 13:11:32,lisa95@example.net,Mr. Danny Vance Jr.,PROD-218842,Action Figure Detail,1,22.98
17,2024-10-22 13:11:32,arogers@example.net,Tony Dixon,PROD-185420,Dumbbells Operation,3,98.52
18,2024-08-20 13:11:32,joseph34@example.com,Ruth Simon,PROD-464362,Chocolate Box Catch,2,92.52
19,2024-03-29 13:11:32,amy00@example.org,James James,PROD-179281,Basketball Card,2,58.5
19,2024-03-29 13:11:32,amy00@example.org,James James,PROD-705118,Perfume Nearly,3,423.3
20,2024-01-19 13:11:32,donald05@example.org,Dawn Snow,PROD-459556,Makeup Kit True,1,118.37
20,2024-01-19 13:11:32,donald05@example.org,Dawn Snow,PROD-178881,Textbook Manager,1,68.44
20,2024-01-19 13:11:32,donald05@example.org,Dawn Snow,PROD-3588,Perfume Foreign,1,105.7
21,2024-01-30 13:11:32,lambertanna@example.net,John Miller,PROD-410447,Tablet Entire,2,1579.7
22,2024-07-27 13:11:32,fdowns@example.com,Chad Chavez,PROD-274172,Tennis Racket Up,2,287.26
22,2024-07-27 13:11:32,fdowns@example.com,Chad Chavez,PROD-255649,Chocolate Box Form,3,71.91
22,2024-07-27 13:11:32,fdowns@example.com,Chad Chavez,PROD-352389,Yoga Mat Simply,2,56.42
22,2024-07-27 13:11:32,fdowns@example.com,Chad Chavez,PROD-459247,Tea Set Music,3,136.29
23,2024-06-22 13:11:32,eric66@example.org,Maria Contreras,PROD-534307,Building Blocks Suffer,3,174.51
23,2024-06-22 13:11:32,eric66@example.org,Maria Contreras,PROD-345324,Blender Benefit,3,360.18
23,2024-06-22 13:11:32,eric66@example.org,Maria Contreras,PROD-274172,Tennis Racket Up,1,143.63
23,2024-06-22 13:11:32,eric66@example.org,Maria Contreras,PROD-66421,Chocolate Box Nor,1,29.06
23,2024-06-22 13:11:32,eric66@example.org,Maria Contreras,PROD-130583,Cookbook Staff,2,53.22
24,2024-06-01 13:11:32,raven05@example.com,Chad Adams,PROD-127948,Perfume President,1,114.49
24,2024-06-01 13:11:32,raven05@example.com,Chad Adams,PROD-804216,T-Shirt Throughout,3,53.07
25,2023-12-01 13:11:32,lisa95@example.net,Mr. Danny Vance Jr.,PROD-126156,Building Blocks Guess,3,229.44
25,2023-12-01 13:11:32,lisa95@example.net,Mr. Danny Vance Jr.,PROD-854295,Tablet May,2,1054.46
25,2023-12-01 13:11:32,lisa95@example.net,Mr. Danny Vance Jr.,PROD-351419,Cookbook Student,3,130.98
25,2023-12-01 13:11:32,lisa95@example.net,Mr. Danny Vance Jr.,PROD-692961,T-Shirt Ever,2,38.1
25,2023-12-01 13:11:32,lisa95@example.net,Mr. Danny Vance Jr.,PROD-996486,Remote Car Want,2,84.1
26,2024-02-23 13:11:32,sarasharp@example.org,Hannah Martinez,PROD-593229,Shoes Second,1,84.57
26,2024-02-23 13:11:32,sarasharp@example.org,Hannah Martinez,PROD-895268,Cookbook Usually,3,122.4
26,2024-02-23 13:11:32,sarasharp@example.org,Hannah Martinez,PROD-244032,Jacket Stand,2,397.94
26,2024-02-23 13:11:32,sarasharp@example.org,Hannah Martinez,PROD-108644,Perfume Member,3,280.32
27,2024-10-22 13:11:32,ymorales@example.org,Dean Hampton,PROD-93883,Board Game After,3,85.41
27,2024-10-22 13:11:32,ymorales@example.org,Dean Hampton,PROD-327922,Wine Various,3,228.93
27,2024-10-22 13:11:32,ymorales@example.org,Dean Hampton,PROD-570383,Wine They,1,66.69
28,2024-06-21 13:11:32,eric66@example.org,Maria Contreras,PROD-579955,Smartphone Wind,2,1609.12
28,2024-06-21 13:11:32,eric66@example.org,Maria Contreras,PROD-785666,Perfume Husband,2,160.66
29,2024-05-01 13:11:32,dpugh@example.org,Stephen Navarro,PROD-628021,Cookware Set Drive,3,778.86
29,2024-05-01 13:11:32,dpugh@example.org,Stephen Navarro,PROD-119506,Wine Course,2,136.9
29,2024-05-01 13:11:32,dpugh@example.org,Stephen Navarro,PROD-904016,Tea Set Religious,3,136.77
29,2024-05-01 13:11:32,dpugh@example.org,Stephen Navarro,PROD-996486,Remote Car Want,2,84.1
29,2024-05-01 13:11:32,dpugh@example.org,Stephen Navarro,PROD-345324,Blender Benefit,1,120.06
30,2024-04-18 13:11:32,teresanguyen@example.org,John Dominguez,PROD-131586,Shoes Hour,3,183.51
31,2024-01-15 13:11:32,janet60@example.net,William Mcintyre,PROD-738313,Smartphone Itself,2,1506.6
31,2024-01-15 13:11:32,janet60@example.net,William Mcintyre,PROD-150759,Cookbook Eight,2,41.94
31,2024-01-15 13:11:32,janet60@example.net,William Mcintyre,PROD-695534,Novel Best,2,22.58
31,2024-01-15 13:11:32,janet60@example.net,William Mcintyre,PROD-817978,Blender Article,1,73.68
32,2024-10-12 13:11:32,christinaray@example.net,Amanda Fernandez,PROD-104130,Makeup Kit Whole,2,114.66
33,2024-09-29 13:11:32,amy40@example.com,Mary Brock,PROD-939804,Tennis Racket Expert,3,341.01
33,2024-09-29 13:11:32,amy40@example.com,Mary Brock,PROD-357168,Makeup Kit Clearly,1,176.25
33,2024-09-29 13:11:32,amy40@example.com,Mary Brock,PROD-377090,Jeans Thank,3,237.93
35,2024-02-15 13:11:32,wesley52@example.org,Christine Clark,PROD-817978,Blender Article,2,147.36
35,2024-02-15 13:11:32,wesley52@example.org,Christine Clark,PROD-504870,Headphones Recognize,3,505.89
35,2024-02-15 13:11:32,wesley52@example.org,Christine Clark,PROD-588261,Action Figure Listen,1,36.51
36,2024-07-22 13:11:32,michellemorales@example.net,Caleb Brown,PROD-604151,Coffee Beans Season,2,76.08
36,2024-07-22 13:11:32,michellemorales@example.net,Caleb Brown,PROD-785666,Perfume Husband,1,80.33
36,2024-07-22 13:11:32,michellemorales@example.net,Caleb Brown,PROD-464362,Chocolate Box Catch,1,46.26
36,2024-07-22 13:11:32,michellemorales@example.net,Caleb Brown,PROD-809210,Makeup Kit Plan,1,95.49
37,2024-10-16 13:11:32,janet60@example.net,William Mcintyre,PROD-225240,Jacket Different,1,144.97
37,2024-10-16 13:11:32,janet60@example.net,William Mcintyre,PROD-360686,Tea Set Only,3,175.44
37,2024-10-16 13:11:32,janet60@example.net,William Mcintyre,PROD-422556,Cookware Set Shake,1,145.44
37,2024-10-16 13:11:32,janet60@example.net,William Mcintyre,PROD-109157,Cookware Set Politics,1,337.12
38,2024-04-25 13:11:32,zmeyer@example.org,Mark Gonzales,PROD-694420,Perfume Behavior,1,148.09
39,2024-06-05 13:11:32,jordanbarry@example.org,Anthony Mitchell,PROD-802700,Textbook Future,2,255.04
39,2024-06-05 13:11:32,jordanbarry@example.org,Anthony Mitchell,PROD-290234,Comic Book Situation,2,73.7
40,2024-10-05 13:11:32,donald05@example.org,Dawn Snow,PROD-410447,Tablet Entire,3,2369.55
40,2024-10-05 13:11:32,donald05@example.org,Dawn Snow,PROD-809210,Makeup Kit Plan,3,286.47
42,2024-01-21 13:11:32,amy00@example.org,James James,PROD-346955,Cookware Set Into,2,305.28
42,2024-01-21 13:11:32,amy00@example.org,James James,PROD-618752,Comic Book Think,2,57.26
43,2024-01-24 13:11:32,jared48@example.org,Brian Bauer,PROD-178881,Textbook Manager,2,136.88
43,2024-01-24 13:11:32,jared48@example.org,Brian Bauer,PROD-251779,Basketball Notice,1,50.39
44,2024-05-23 13:11:32,arogers@example.net,Tony Dixon,PROD-42068,Tennis Racket Near,3,280.92
44,2024-05-23 13:11:32,arogers@example.net,Tony Dixon,PROD-877448,Hair Dryer Study,3,92.52
44,2024-05-23 13:11:32,arogers@example.net,Tony Dixon,PROD-142601,Coffee Maker Soldier,1,108.78
45,2024-07-29 13:11:32,juangraham@example.org,James Webster,PROD-124439,Jacket Production,2,298.88
45,2024-07-29 13:11:32,juangraham@example.org,James Webster,PROD-628021,Cookware Set Drive,2,519.24
46,2024-11-07 13:11:32,ginaramirez@example.org,Brandon Davis,PROD-218842,Action Figure Detail,3,68.94
46,2024-11-07 13:11:32,ginaramirez@example.org,Brandon Davis,PROD-656923,Yoga Mat Reason,3,104.22
46,2024-11-07 13:11:32,ginaramirez@example.org,Brandon Davis,PROD-350451,Blender Build,2,120.4
46,2024-11-07 13:11:32,ginaramirez@example.org,Brandon Davis,PROD-563933,Headphones Theory,1,283.82
46,2024-11-07 13:11:32,ginaramirez@example.org,Brandon Davis,PROD-491772,Basketball Ability,1,26.97
47,2024-05-01 13:11:32,rachel77@example.net,Gregory Robinson,PROD-849622,Textbook Good,3,156.48
47,2024-05-01 13:11:32,rachel77@example.net,Gregory Robinson,PROD-817978,Blender Article,2,147.36
47,2024-05-01 13:11:32,rachel77@example.net,Gregory Robinson,PROD-301097,Smartphone Message,2,2085.22
48,2024-01-27 13:11:32,qbaker@example.com,Ian Lozano,PROD-369827,Board Game Whatever,2,94.9
48,2024-01-27 13:11:32,qbaker@example.com,Ian Lozano,PROD-998264,Remote Car Even,3,330.54
48,2024-01-27 13:11:32,qbaker@example.com,Ian Lozano,PROD-360686,Tea Set Only,3,175.44
49,2023-12-14 13:11:32,luke80@example.org,Justin Goodman DDS,PROD-855181,Tablet Tree,1,626.43
49,2023-12-14 13:11:32,luke80@example.org,Justin Goodman DDS,PROD-553171,Shoes High,1,91.26
49,2023-12-14 13:11:32,luke80@example.org,Justin Goodman DDS,PROD-329461,Makeup Kit Capital,2,223.28
49,2023-12-14 13:11:32,luke80@example.org,Justin Goodman DDS,PROD-671140,Novel Responsibility,3,49.83
49,2023-12-14 13:11:32,luke80@example.org,Justin Goodman DDS,PROD-939587,Remote Car Black,1,49.95
50,2024-01-26 13:11:32,nwilliams@example.com,Erik Young,PROD-680335,Remote Car Mean,2,132.34
50,2024-01-26 13:11:32,nwilliams@example.com,Erik Young,PROD-685406,Headphones Capital,1,258.23
51,2023-12-25 13:11:32,hernandezsandra@example.com,Corey Gillespie,PROD-272382,Board Game Cup,1,41.36
51,2023-12-25 13:11:32,hernandezsandra@example.com,Corey Gillespie,PROD-3514,Cookbook House,2,53.76
51,2023-12-25 13:11:32,hernandezsandra@example.com,Corey Gillespie,PROD-998264,Remote Car Even,3,330.54
53,2024-01-06 13:11:32,arogers@example.net,Tony Dixon,PROD-604151,Coffee Beans Season,3,114.12
54,2024-06-21 13:11:32,marcserrano@example.com,Kathryn Frost,PROD-571675,Smartphone Believe,1,533.63
55,2024-09-06 13:11:32,wesley52@example.org,Christine Clark,PROD-661277,Chocolate Box Indeed,3,112.05
55,2024-09-06 13:11:32,wesley52@example.org,Christine Clark,PROD-693617,Coffee Maker Size,3,94.38
55,2024-09-06 13:11:32,wesley52@example.org,Christine Clark,PROD-939587,Remote Car Black,1,49.95
56,2024-06-04 13:11:32,thompsonjames@example.org,Tina Smith,PROD-218842,Action Figure Detail,3,68.94
56,2024-06-04 13:11:32,thompsonjames@example.org,Tina Smith,PROD-15678,Yoga Mat Free,2,53.64
56,2024-06-04 13:11:32,thompsonjames@example.org,Tina Smith,PROD-312693,Perfume Speak,3,401.7
56,2024-06-04 13:11:32,thompsonjames@example.org,Tina Smith,PROD-570383,Wine They,1,66.69
56,2024-06-04 13:11:32,thompsonjames@example.org,Tina Smith,PROD-457740,Action Figure Want,2,41.22
58,2024-06-27 13:11:32,bartlettkiara@example.org,Charles James,PROD-377090,Jeans Thank,2,158.62
59,2024-06-23 13:11:32,heather58@example.com,Jessica Owen,PROD-248866,Headphones Force,1,231.29
59,2024-06-23 13:11:32,heather58@example.com,Jessica Owen,PROD-579955,Smartphone Wind,2,1609.12
59,2024-06-23 13:11:32,heather58@example.com,Jessica Owen,PROD-966627,Vacuum Cleaner Job,1,299.31
59,2024-06-23 13:11:32,heather58@example.com,Jessica Owen,PROD-738313,Smartphone Itself,3,2259.9
59,2024-06-23 13:11:32,heather58@example.com,Jessica Owen,PROD-930838,Laptop Can,2,3790.56
60,2024-05-01 13:11:32,frankjohnson@example.net,Heather Martin,PROD-606311,Blender Image,3,342.66
60,2024-05-01 13:11:32,frankjohnson@example.net,Heather Martin,PROD-449397,Yoga Mat Meet,3,82.65
60,2024-05-01 13:11:32,frankjohnson@example.net,Heather Martin,PROD-507947,Hair Dryer History,2,143.12
60,2024-05-01 13:11:32,frankjohnson@example.net,Heather Martin,PROD-130583,Cookbook Staff,2,53.22
60,2024-05-01 13:11:32,frankjohnson@example.net,Heather Martin,PROD-644552,Tea Set Whole,3,175.77
61,2024-09-09 13:11:32,ronald98@example.net,Mrs. Rachel White,PROD-693617,Coffee Maker Size,1,31.46
61,2024-09-09 13:11:32,ronald98@example.net,Mrs. Rachel White,PROD-647893,Textbook Section,3,317.43
61,2024-09-09 13:11:32,ronald98@example.net,Mrs. Rachel White,PROD-459247,Tea Set Music,1,45.43
61,2024-09-09 13:11:32,ronald98@example.net,Mrs. Rachel White,PROD-185420,Dumbbells Operation,1,32.84
64,2024-08-04 13:11:32,dianebutler@example.net,Robert Bowen,PROD-645638,Jeans Bed,3,241.59
66,2024-08-19 13:11:32,bradleymichelle@example.net,Randy Solis,PROD-614546,Chocolate Box Bed,3,141.87
66,2024-08-19 13:11:32,bradleymichelle@example.net,Randy Solis,PROD-139460,Skincare Set Organization,1,78.59
66,2024-08-19 13:11:32,bradleymichelle@example.net,Randy Solis,PROD-507947,Hair Dryer History,1,71.56
67,2024-05-02 13:11:32,christopherjensen@example.net,William Howard,PROD-809210,Makeup Kit Plan,3,286.47
68,2024-02-29 13:11:32,melissacarlson@example.org,Jenna Smith,PROD-804216,T-Shirt Throughout,2,35.38
68,2024-02-29 13:11:32,melissacarlson@example.org,Jenna Smith,PROD-534066,Perfume Issue,1,46.47
68,2024-02-29 13:11:32,melissacarlson@example.org,Jenna Smith,PROD-588261,Action Figure Listen,3,109.53
68,2024-02-29 13:11:32,melissacarlson@example.org,Jenna Smith,PROD-449397,Yoga Mat Meet,3,82.65
69,2024-09-12 13:11:32,pdelgado@example.com,Briana Lee,PROD-738313,Smartphone Itself,3,2259.9
69,2024-09-12 13:11:32,pdelgado@example.com,Briana Lee,PROD-900758,Action Figure Can,3,73.08
70,2024-10-28 13:11:32,frankjohnson@example.net,Heather Martin,PROD-644552,Tea Set Whole,2,117.18
70,2024-10-28 13:11:32,frankjohnson@example.net,Heather Martin,PROD-123161,Cookbook Outside,1,30.9
71,2024-01-10 13:11:32,carla69@example.net,Jerry Marks,PROD-83082,Tennis Racket Foreign,3,369.51
72,2024-02-03 13:11:32,dpugh@example.org,Stephen Navarro,PROD-828001,Hair Dryer Shake,2,67.62
72,2024-02-03 13:11:32,dpugh@example.org,Stephen Navarro,PROD-83082,Tennis Racket Foreign,1,123.17
72,2024-02-03 13:11:32,dpugh@example.org,Stephen Navarro,PROD-534307,Building Blocks Suffer,2,116.34
72,2024-02-03 13:11:32,dpugh@example.org,Stephen Navarro,PROD-817978,Blender Article,3,221.04
73,2023-12-17 13:11:32,karenwilson@example.net,Matthew Williams,PROD-109157,Cookware Set Politics,2,674.24
73,2023-12-17 13:11:32,karenwilson@example.net,Matthew Williams,PROD-869788,Dumbbells Current,2,72.7
73,2023-12-17 13:11:32,karenwilson@example.net,Matthew Williams,PROD-535348,Smartphone Policy,3,3576.75
73,2023-12-17 13:11:32,karenwilson@example.net,Matthew Williams,PROD-218842,Action Figure Detail,3,68.94
73,2023-12-17 13:11:32,karenwilson@example.net,Matthew Williams,PROD-142601,Coffee Maker Soldier,3,326.34
74,2023-12-24 13:11:32,austinholmes@example.org,Antonio Wright,PROD-614546,Chocolate Box Bed,3,141.87
74,2023-12-24 13:11:32,austinholmes@example.org,Antonio Wright,PROD-964952,Jeans Nation,2,109.14
75,2024-04-09 13:11:32,david89@example.net,Dawn Turner,PROD-457740,Action Figure Want,2,41.22
75,2024-04-09 13:11:32,david89@example.net,Dawn Turner,PROD-398932,Jacket Everybody,2,312.58
75,2024-04-09 13:11:32,david89@example.net,Dawn Turner,PROD-553171,Shoes High,2,182.52
75,2024-04-09 13:11:32,david89@example.net,Dawn Turner,PROD-66421,Chocolate Box Nor,2,58.12
75,2024-04-09 13:11:32,david89@example.net,Dawn Turner,PROD-104130,Makeup Kit Whole,1,57.33
76,2024-04-05 13:11:32,sara25@example.net,Patricia Young,PROD-732561,Chocolate Box Four,1,43.98
77,2024-05-13 13:11:32,david89@example.net,Dawn Turner,PROD-329461,Makeup Kit Capital,2,223.28
77,2024-05-13 13:11:32,david89@example.net,Dawn Turner,PROD-871595,Jacket Sing,2,272.7
77,2024-05-13 13:11:32,david89@example.net,Dawn Turner,PROD-398932,Jacket Everybody,1,156.29
78,2024-10-29 13:11:32,jared48@example.org,Brian Bauer,PROD-301097,Smartphone Message,1,1042.61
78,2024-10-29 13:11:32,jared48@example.org,Brian Bauer,PROD-222789,Skincare Set Brother,1,64.81
78,2024-10-29 13:11:32,jared48@example.org,Brian Bauer,PROD-995493,Action Figure Name,3,108.21
78,2024-10-29 13:11:32,jared48@example.org,Brian Bauer,PROD-737560,Laptop Door,3,5706.93
79,2024-10-14 13:11:32,jordanbarry@example.org,Anthony Mitchell,PROD-844773,Coffee Maker Choice,2,79.68
79,2024-10-14 13:11:32,jordanbarry@example.org,Anthony Mitchell,PROD-939804,Tennis Racket Expert,2,227.34
79,2024-10-14 13:11:32,jordanbarry@example.org,Anthony Mitchell,PROD-869788,Dumbbells Current,2,72.7
80,2024-04-18 13:11:32,michael06@example.net,Brandon Jackson,PROD-703923,Tablet Could,2,1355.76
80,2024-04-18 13:11:32,michael06@example.net,Brandon Jackson,PROD-671140,Novel Responsibility,3,49.83
81,2024-02-25 13:11:32,luke80@example.org,Justin Goodman DDS,PROD-897964,Dumbbells Rest,1,63.89
82,2024-07-03 13:11:32,timothyjohnson@example.net,Brett Munoz,PROD-99776,Blender Major,1,147.05
82,2024-07-03 13:11:32,timothyjohnson@example.net,Brett Munoz,PROD-11761,Cookware Set Society,3,378.93
82,2024-07-03 13:11:32,timothyjohnson@example.net,Brett Munoz,PROD-50036,Remote Car Case,3,351.87
82,2024-07-03 13:11:32,timothyjohnson@example.net,Brett Munoz,PROD-401916,Makeup Kit Break,2,263.78
83,2024-10-11 13:11:32,velasquezjohn@example.com,Misty Stokes,PROD-855181,Tablet Tree,3,1879.29
83,2024-10-11 13:11:32,velasquezjohn@example.com,Misty Stokes,PROD-535816,Tennis Racket Allow,3,425.73
83,2024-10-11 13:11:32,velasquezjohn@example.com,Misty Stokes,PROD-695534,Novel Best,3,33.87
83,2024-10-11 13:11:32,velasquezjohn@example.com,Misty Stokes,PROD-897964,Dumbbells Rest,2,127.78
83,2024-10-11 13:11:32,velasquezjohn@example.com,Misty Stokes,PROD-93883,Board Game After,3,85.41
84,2024-09-27 13:11:32,caitlinbrown@example.com,Jared Farmer,PROD-234658,Tablet While,2,849.68
84,2024-09-27 13:11:32,caitlinbrown@example.com,Jared Farmer,PROD-238504,Blender Main,1,91.74
86,2024-04-24 13:11:32,ortiztracy@example.com,Caitlin Fleming,PROD-15678,Yoga Mat Free,3,80.46
86,2024-04-24 13:11:32,ortiztracy@example.com,Caitlin Fleming,PROD-693617,Coffee Maker Size,2,62.92
87,2023-11-24 13:11:32,donald05@example.org,Dawn Snow,PROD-924422,Headphones Cost,3,393.15
87,2023-11-24 13:11:32,donald05@example.org,Dawn Snow,PROD-751572,Headphones We,1,152.93
87,2023-11-24 13:11:32,donald05@example.org,Dawn Snow,PROD-507947,Hair Dryer History,1,71.56
87,2023-11-24 13:11:32,donald05@example.org,Dawn Snow,PROD-793581,Skincare Set Quite,1,79.01
87,2023-11-24 13:11:32,donald05@example.org,Dawn Snow,PROD-534307,Building Blocks Suffer,2,116.34
88,2024-04-27 13:11:32,ortiztracy@example.com,Caitlin Fleming,PROD-695534,Novel Best,3,33.87
88,2024-04-27 13:11:32,ortiztracy@example.com,Caitlin Fleming,PROD-645638,Jeans Bed,2,161.06
90,2024-11-07 13:11:32,lambertanna@example.net,John Miller,PROD-83082,Tennis Racket Foreign,2,246.34
90,2024-11-07 13:11:32,lambertanna@example.net,John Miller,PROD-131586,Shoes Hour,1,61.17
90,2024-11-07 13:11:32,lambertanna@example.net,John Miller,PROD-535816,Tennis Racket Allow,3,425.73
90,2024-11-07 13:11:32,lambertanna@example.net,John Miller,PROD-801541,Vacuum Cleaner Apply,3,595.62
91,2024-06-30 13:11:32,ivasquez@example.org,Joseph Yu,PROD-137149,Remote Car Region,2,101.86
91,2024-06-30 13:11:32,ivasquez@example.org,Joseph Yu,PROD-119506,Wine Course,2,136.9
91,2024-06-30 13:11:32,ivasquez@example.org,Joseph Yu,PROD-464362,Chocolate Box Catch,2,92.52
91,2024-06-30 13:11:32,ivasquez@example.org,Joseph Yu,PROD-507947,Hair Dryer History,2,143.12
92,2024-06-30 13:11:32,amy00@example.org,James James,PROD-809210,Makeup Kit Plan,2,190.98
93,2024-04-24 13:11:32,amy00@example.org,James James,PROD-281185,Laptop Else,3,5223.96
93,2024-04-24 13:11:32,amy00@example.org,James James,PROD-549233,Vacuum Cleaner Scene,2,598.76
93,2024-04-24 13:11:32,amy00@example.org,James James,PROD-218842,Action Figure Detail,3,68.94
93,2024-04-24 13:11:32,amy00@example.org,James James,PROD-440697,Vacuum Cleaner Stock,1,201.24
93,2024-04-24 13:11:32,amy00@example.org,James James,PROD-680484,Tennis Racket House,3,474.06
94,2024-04-03 13:11:32,lorimack@example.net,Dustin Dixon,PROD-477018,Tennis Racket Water,2,244.24
94,2024-04-03 13:11:32,lorimack@example.net,Dustin Dixon,PROD-327922,Wine Various,1,76.31
95,2024-07-14 13:11:32,lorimack@example.net,Dustin Dixon,PROD-900758,Action Figure Can,3,73.08
95,2024-07-14 13:11:32,lorimack@example.net,Dustin Dixon,PROD-854295,Tablet May,2,1054.46
95,2024-07-14 13:11:32,lorimack@example.net,Dustin Dixon,PROD-459247,Tea Set Music,2,90.86
95,2024-07-14 13:11:32,lorimack@example.net,Dustin Dixon,PROD-649144,Tennis Racket Mrs,3,434.97
96,2024-07-25 13:11:32,joseph42@example.com,Deborah Murphy,PROD-579955,Smartphone Wind,2,1609.12
96,2024-07-25 13:11:32,joseph42@example.com,Deborah Murphy,PROD-159132,Laptop Everything,3,3679.74
96,2024-07-25 13:11:32,joseph42@example.com,Deborah Murphy,PROD-900758,Action Figure Can,2,48.72
97,2024-06-11 13:11:32,ronald98@example.net,Mrs. Rachel White,PROD-507947,Hair Dryer History,2,143.12
97,2024-06-11 13:11:32,ronald98@example.net,Mrs. Rachel White,PROD-618752,Comic Book Think,3,85.89
97,2024-06-11 13:11:32,ronald98@example.net,Mrs. Rachel White,PROD-350451,Blender Build,2,120.4
98,2024-11-09 13:11:32,desireegreen@example.net,Kristen Burnett,PROD-458502,Board Game Around,1,38.62
98,2024-11-09 13:11:32,desireegreen@example.net,Kristen Burnett,PROD-64586,Blender Particular,3,285.57
98,2024-11-09 13:11:32,desireegreen@example.net,Kristen Burnett,PROD-737560,Laptop Door,3,5706.93
99,2024-07-20 13:11:32,danielsdavid@example.org,Gina Watts,PROD-377090,Jeans Thank,2,158.62
99,2024-07-20 13:11:32,danielsdavid@example.org,Gina Watts,PROD-126156,Building Blocks Guess,2,152.96
99,2024-07-20 13:11:32,danielsdavid@example.org,Gina Watts,PROD-780099,Tea Set Camera,3,219.63
99,2024-07-20 13:11:32,danielsdavid@example.org,Gina Watts,PROD-692961,T-Shirt Ever,3,57.15
100,2024-06-09 13:11:32,rebeccaodonnell@example.net,William Cline,PROD-802700,Textbook Future,3,382.56
101,2024-01-18 13:11:32,ymorales@example.org,Dean Hampton,PROD-59227,Coffee Maker Nation,3,212.19
103,2024-01-14 13:11:32,fdowns@example.com,Chad Chavez,PROD-606311,Blender Image,2,228.44
104,2024-03-09 13:11:32,christopherjensen@example.net,William Howard,PROD-877448,Hair Dryer Study,2,61.68
104,2024-03-09 13:11:32,christopherjensen@example.net,William Howard,PROD-680484,Tennis Racket House,1,158.02
104,2024-03-09 13:11:32,christopherjensen@example.net,William Howard,PROD-454125,Tea Set Newspaper,3,158.7
106,2024-05-25 13:11:32,iking@example.org,Danielle Armstrong,PROD-357168,Makeup Kit Clearly,1,176.25
107,2024-04-26 13:11:32,danielsdavid@example.org,Gina Watts,PROD-751572,Headphones We,3,458.79
107,2024-04-26 13:11:32,danielsdavid@example.org,Gina Watts,PROD-150759,Cookbook Eight,1,20.97
107,2024-04-26 13:11:32,danielsdavid@example.org,Gina Watts,PROD-645638,Jeans Bed,3,241.59
107,2024-04-26 13:11:32,danielsdavid@example.org,Gina Watts,PROD-410343,Building Blocks Guy,3,271.65
107,2024-04-26 13:11:32,danielsdavid@example.org,Gina Watts,PROD-579955,Smartphone Wind,3,2413.68
108,2024-02-16 13:11:32,carterbryan@example.com,Sarah Olson,PROD-692961,T-Shirt Ever,3,57.15
108,2024-02-16 13:11:32,carterbryan@example.com,Sarah Olson,PROD-563933,Headphones Theory,1,283.82
108,2024-02-16 13:11:32,carterbryan@example.com,Sarah Olson,PROD-817978,Blender Article,1,73.68
109,2023-12-02 13:11:32,austinholmes@example.org,Antonio Wright,PROD-622030,Basketball Clear,1,25.68
110,2024-09-05 13:11:32,lorimack@example.net,Dustin Dixon,PROD-871595,Jacket Sing,3,409.05
110,2024-09-05 13:11:32,lorimack@example.net,Dustin Dixon,PROD-218842,Action Figure Detail,2,45.96
111,2023-11-13 13:11:32,christinaray@example.net,Amanda Fernandez,PROD-274172,Tennis Racket Up,1,143.63
111,2023-11-13 13:11:32,christinaray@example.net,Amanda Fernandez,PROD-793581,Skincare Set Quite,1,79.01
112,2024-06-16 13:11:32,iking@example.org,Danielle Armstrong,PROD-664769,Textbook Factor,1,88.13
112,2024-06-16 13:11:32,iking@example.org,Danielle Armstrong,PROD-66421,Chocolate Box Nor,2,58.12
113,2024-03-07 13:11:32,cathychapman@example.org,Aaron Bailey,PROD-3588,Perfume Foreign,3,317.1
114,2024-07-26 13:11:32,tiffanymarsh@example.org,Ashley Eaton,PROD-622030,Basketball Clear,2,51.36
114,2024-07-26 13:11:32,tiffanymarsh@example.org,Ashley Eaton,PROD-645638,Jeans Bed,2,161.06
114,2024-07-26 13:11:32,tiffanymarsh@example.org,Ashley Eaton,PROD-454999,Yoga Mat Fast,1,47.98
114,2024-07-26 13:11:32,tiffanymarsh@example.org,Ashley Eaton,PROD-459556,Makeup Kit True,1,118.37
115,2024-09-26 13:11:32,lambertanna@example.net,John Miller,PROD-951366,Action Figure Assume,1,35.36
115,2024-09-26 13:11:32,lambertanna@example.net,John Miller,PROD-726894,T-Shirt Rule,3,90.66
115,2024-09-26 13:11:32,lambertanna@example.net,John Miller,PROD-623050,Wine Very,1,48.05
115,2024-09-26 13:11:32,lambertanna@example.net,John Miller,PROD-255649,Chocolate Box Form,1,23.97
116,2024-08-28 13:11:32,chadwright@example.org,Andrew Howell,PROD-535348,Smartphone Policy,3,3576.75
116,2024-08-28 13:11:32,chadwright@example.org,Andrew Howell,PROD-680484,Tennis Racket House,3,474.06
116,2024-08-28 13:11:32,chadwright@example.org,Andrew Howell,PROD-126156,Building Blocks Guess,2,152.96
117,2024-09-14 13:11:32,dianebutler@example.net,Robert Bowen,PROD-995493,Action Figure Name,1,36.07
119,2024-01-06 13:11:32,danielsdavid@example.org,Gina Watts,PROD-828001,Hair Dryer Shake,1,33.81
119,2024-01-06 13:11:32,danielsdavid@example.org,Gina Watts,PROD-507947,Hair Dryer History,2,143.12
119,2024-01-06 13:11:32,danielsdavid@example.org,Gina Watts,PROD-618752,Comic Book Think,3,85.89
119,2024-01-06 13:11:32,danielsdavid@example.org,Gina Watts,PROD-357168,Makeup Kit Clearly,2,352.5
119,2024-01-06 13:11:32,danielsdavid@example.org,Gina Watts,PROD-238504,Blender Main,3,275.22
120,2024-10-11 13:11:32,thompsonjames@example.org,Tina Smith,PROD-588261,Action Figure Listen,3,109.53
120,2024-10-11 13:11:32,thompsonjames@example.org,Tina Smith,PROD-731280,Dumbbells Plan,2,63.58
120,2024-10-11 13:11:32,thompsonjames@example.org,Tina Smith,PROD-642298,Jacket Feeling,3,431.46
121,2023-11-22 13:11:32,orodriguez@example.com,Raymond Fuller,PROD-642298,Jacket Feeling,2,287.64
121,2023-11-22 13:11:32,orodriguez@example.com,Raymond Fuller,PROD-504870,Headphones Recognize,2,337.26
121,2023-11-22 13:11:32,orodriguez@example.com,Raymond Fuller,PROD-304353,Novel Rate,3,61.02
121,2023-11-22 13:11:32,orodriguez@example.com,Raymond Fuller,PROD-449397,Yoga Mat Meet,2,55.1
121,2023-11-22 13:11:32,orodriguez@example.com,Raymond Fuller,PROD-290234,Comic Book Situation,1,36.85
122,2024-02-22 13:11:32,carla69@example.net,Jerry Marks,PROD-804216,T-Shirt Throughout,3,53.07
122,2024-02-22 13:11:32,carla69@example.net,Jerry Marks,PROD-311525,Jeans Dog,1,32.26
123,2024-04-21 13:11:32,lambertanna@example.net,John Miller,PROD-898220,Cookbook Gun,1,49.76
123,2024-04-21 13:11:32,lambertanna@example.net,John Miller,PROD-274172,Tennis Racket Up,1,143.63
123,2024-04-21 13:11:32,lambertanna@example.net,John Miller,PROD-705118,Perfume Nearly,3,423.3
125,2024-09-06 13:11:32,rebeccaodonnell@example.net,William Cline,PROD-579955,Smartphone Wind,2,1609.12
125,2024-09-06 13:11:32,rebeccaodonnell@example.net,William Cline,PROD-327922,Wine Various,2,152.62
125,2024-09-06 13:11:32,rebeccaodonnell@example.net,William Cline,PROD-298359,Textbook Above,1,86.45
127,2024-10-05 13:11:32,carterbryan@example.com,Sarah Olson,PROD-695534,Novel Best,1,11.29
128,2023-11-26 13:11:32,karen21@example.com,Timothy Wyatt,PROD-350451,Blender Build,2,120.4
128,2023-11-26 13:11:32,karen21@example.com,Timothy Wyatt,PROD-988052,Tennis Racket Dream,1,57.61
128,2023-11-26 13:11:32,karen21@example.com,Timothy Wyatt,PROD-304353,Novel Rate,1,20.34
128,2023-11-26 13:11:32,karen21@example.com,Timothy Wyatt,PROD-869788,Dumbbells Current,1,36.35
130,2024-07-20 13:11:32,pdelgado@example.com,Briana Lee,PROD-588261,Action Figure Listen,2,73.02
130,2024-07-20 13:11:32,pdelgado@example.com,Briana Lee,PROD-99776,Blender Major,1,147.05
131,2024-02-22 13:11:32,lambertanna@example.net,John Miller,PROD-340210,Textbook Ask,3,339.45
131,2024-02-22 13:11:32,lambertanna@example.net,John Miller,PROD-159132,Laptop Everything,2,2453.16
131,2024-02-22 13:11:32,lambertanna@example.net,John Miller,PROD-15678,Yoga Mat Free,3,80.46
131,2024-02-22 13:11:32,lambertanna@example.net,John Miller,PROD-304353,Novel Rate,2,40.68
132,2024-04-21 13:11:32,david89@example.net,Dawn Turner,PROD-618752,Comic Book Think,1,28.63
133,2024-01-05 13:11:32,melissacarlson@example.org,Jenna Smith,PROD-255649,Chocolate Box Form,1,23.97
133,2024-01-05 13:11:32,melissacarlson@example.org,Jenna Smith,PROD-588261,Action Figure Listen,2,73.02
133,2024-01-05 13:11:32,melissacarlson@example.org,Jenna Smith,PROD-137149,Remote Car Region,3,152.79
133,2024-01-05 13:11:32,melissacarlson@example.org,Jenna Smith,PROD-179281,Basketball Card,1,29.25
133,2024-01-05 13:11:32,melissacarlson@example.org,Jenna Smith,PROD-491772,Basketball Ability,3,80.91
134,2023-11-23 13:11:32,jamesadams@example.com,Kirsten Jacobs,PROD-817978,Blender Article,2,147.36
134,2023-11-23 13:11:32,jamesadams@example.com,Kirsten Jacobs,PROD-738313,Smartphone Itself,1,753.3
136,2024-03-10 13:11:32,david89@example.net,Dawn Turner,PROD-3588,Perfume Foreign,1,105.7
137,2024-02-29 13:11:32,jared48@example.org,Brian Bauer,PROD-255649,Chocolate Box Form,1,23.97
139,2024-07-16 13:11:32,randallharrington@example.com,Darrell Hess,PROD-869788,Dumbbells Current,2,72.7
139,2024-07-16 13:11:32,randallharrington@example.com,Darrell Hess,PROD-610992,Comic Book Claim,3,64.26
139,2024-07-16 13:11:32,randallharrington@example.com,Darrell Hess,PROD-357168,Makeup Kit Clearly,1,176.25
139,2024-07-16 13:11:32,randallharrington@example.com,Darrell Hess,PROD-108644,Perfume Member,2,186.88
139,2024-07-16 13:11:32,randallharrington@example.com,Darrell Hess,PROD-785666,Perfume Husband,3,240.99
140,2023-11-22 13:11:32,wesley52@example.org,Christine Clark,PROD-785666,Perfume Husband,1,80.33
140,2023-11-22 13:11:32,wesley52@example.org,Christine Clark,PROD-225030,T-Shirt Under,2,75.4
141,2024-02-28 13:11:32,ronald98@example.net,Mrs. Rachel White,PROD-898220,Cookbook Gun,2,99.52
141,2024-02-28 13:11:32,ronald98@example.net,Mrs. Rachel White,PROD-248866,Headphones Force,2,462.58
141,2024-02-28 13:11:32,ronald98@example.net,Mrs. Rachel White,PROD-440697,Vacuum Cleaner Stock,1,201.24
141,2024-02-28 13:11:32,ronald98@example.net,Mrs. Rachel White,PROD-996486,Remote Car Want,2,84.1
141,2024-02-28 13:11:32,ronald98@example.net,Mrs. Rachel White,PROD-924513,Jeans Media,1,58.95
143,2024-05-10 13:11:32,tiffanymarsh@example.org,Ashley Eaton,PROD-327799,Jacket Concern,1,115.72
143,2024-05-10 13:11:32,tiffanymarsh@example.org,Ashley Eaton,PROD-588261,Action Figure Listen,3,109.53
143,2024-05-10 13:11:32,tiffanymarsh@example.org,Ashley Eaton,PROD-357168,Makeup Kit Clearly,3,528.75
143,2024-05-10 13:11:32,tiffanymarsh@example.org,Ashley Eaton,PROD-304353,Novel Rate,1,20.34
143,2024-05-10 13:11:32,tiffanymarsh@example.org,Ashley Eaton,PROD-947266,Comic Book Already,1,26.05
145,2024-11-11 13:11:32,amy00@example.org,James James,PROD-725523,Vacuum Cleaner Employee,3,717.45
145,2024-11-11 13:11:32,amy00@example.org,James James,PROD-301097,Smartphone Message,3,3127.83
145,2024-11-11 13:11:32,amy00@example.org,James James,PROD-610992,Comic Book Claim,2,42.84
145,2024-11-11 13:11:32,amy00@example.org,James James,PROD-961255,Board Game Especially,2,74.54
146,2024-02-21 13:11:32,zmeyer@example.org,Mark Gonzales,PROD-693617,Coffee Maker Size,3,94.38
147,2024-03-22 13:11:32,chadwright@example.org,Andrew Howell,PROD-440697,Vacuum Cleaner Stock,1,201.24
147,2024-03-22 13:11:32,chadwright@example.org,Andrew Howell,PROD-328739,Shoes Alone,3,302.67
147,2024-03-22 13:11:32,chadwright@example.org,Andrew Howell,PROD-454999,Yoga Mat Fast,2,95.96
147,2024-03-22 13:11:32,chadwright@example.org,Andrew Howell,PROD-692961,T-Shirt Ever,1,19.05
148,2023-11-23 13:11:32,luke80@example.org,Justin Goodman DDS,PROD-731280,Dumbbells Plan,2,63.58
148,2023-11-23 13:11:32,luke80@example.org,Justin Goodman DDS,PROD-225030,T-Shirt Under,1,37.7
148,2023-11-23 13:11:32,luke80@example.org,Justin Goodman DDS,PROD-340210,Textbook Ask,2,226.3
148,2023-11-23 13:11:32,luke80@example.org,Justin Goodman DDS,PROD-491772,Basketball Ability,1,26.97
148,2023-11-23 13:11:32,luke80@example.org,Justin Goodman DDS,PROD-645638,Jeans Bed,2,161.06
149,2023-12-13 13:11:32,joseph42@example.com,Deborah Murphy,PROD-79759,Chocolate Box Six,2,80.1
149,2023-12-13 13:11:32,joseph42@example.com,Deborah Murphy,PROD-606311,Blender Image,3,342.66
151,2024-05-03 13:11:32,nwilliams@example.com,Erik Young,PROD-366229,T-Shirt Student,1,22.03
152,2024-02-15 13:11:32,qbaker@example.com,Ian Lozano,PROD-996486,Remote Car Want,2,84.1
152,2024-02-15 13:11:32,qbaker@example.com,Ian Lozano,PROD-281185,Laptop Else,1,1741.32
152,2024-02-15 13:11:32,qbaker@example.com,Ian Lozano,PROD-785666,Perfume Husband,2,160.66
152,2024-02-15 13:11:32,qbaker@example.com,Ian Lozano,PROD-178881,Textbook Manager,2,136.88
153,2024-06-28 13:11:32,eric66@example.org,Maria Contreras,PROD-328739,Shoes Alone,1,100.89
153,2024-06-28 13:11:32,eric66@example.org,Maria Contreras,PROD-644552,Tea Set Whole,3,175.77
153,2024-06-28 13:11:32,eric66@example.org,Maria Contreras,PROD-961255,Board Game Especially,1,37.27
153,2024-06-28 13:11:32,eric66@example.org,Maria Contreras,PROD-369827,Board Game Whatever,1,47.45
155,2024-01-21 13:11:32,amy00@example.org,James James,PROD-604151,Coffee Beans Season,2,76.08
155,2024-01-21 13:11:32,amy00@example.org,James James,PROD-454129,Board Game Lay,3,108.72
155,2024-01-21 13:11:32,amy00@example.org,James James,PROD-458502,Board Game Around,2,77.24
155,2024-01-21 13:11:32,amy00@example.org,James James,PROD-593229,Shoes Second,3,253.71
156,2024-01-04 13:11:32,orodriguez@example.com,Raymond Fuller,PROD-142601,Coffee Maker Soldier,3,326.34
156,2024-01-04 13:11:32,orodriguez@example.com,Raymond Fuller,PROD-570383,Wine They,1,66.69
156,2024-01-04 13:11:32,orodriguez@example.com,Raymond Fuller,PROD-534307,Building Blocks Suffer,1,58.17
156,2024-01-04 13:11:32,orodriguez@example.com,Raymond Fuller,PROD-123161,Cookbook Outside,3,92.7
157,2024-11-08 13:11:32,austinholmes@example.org,Antonio Wright,PROD-454125,Tea Set Newspaper,3,158.7
157,2024-11-08 13:11:32,austinholmes@example.org,Antonio Wright,PROD-623050,Wine Very,1,48.05
157,2024-11-08 13:11:32,austinholmes@example.org,Antonio Wright,PROD-900758,Action Figure Can,1,24.36
158,2024-04-28 13:11:32,iking@example.org,Danielle Armstrong,PROD-119506,Wine Course,3,205.35
158,2024-04-28 13:11:32,iking@example.org,Danielle Armstrong,PROD-218842,Action Figure Detail,3,68.94
159,2024-04-01 13:11:32,melissacarlson@example.org,Jenna Smith,PROD-279202,Perfume Serious,1,75.68
160,2024-01-22 13:11:32,heather58@example.com,Jessica Owen,PROD-185420,Dumbbells Operation,3,98.52
160,2024-01-22 13:11:32,heather58@example.com,Jessica Owen,PROD-549233,Vacuum Cleaner Scene,2,598.76
160,2024-01-22 13:11:32,heather58@example.com,Jessica Owen,PROD-623050,Wine Very,1,48.05
161,2024-07-19 13:11:32,david89@example.net,Dawn Turner,PROD-150759,Cookbook Eight,3,62.91
161,2024-07-19 13:11:32,david89@example.net,Dawn Turner,PROD-130583,Cookbook Staff,2,53.22
161,2024-07-19 13:11:32,david89@example.net,Dawn Turner,PROD-785666,Perfume Husband,3,240.99
161,2024-07-19 13:11:32,david89@example.net,Dawn Turner,PROD-298359,Textbook Above,3,259.35
163,2024-01-29 13:11:32,lorimack@example.net,Dustin Dixon,PROD-780099,Tea Set Camera,2,146.42
163,2024-01-29 13:11:32,lorimack@example.net,Dustin Dixon,PROD-369827,Board Game Whatever,1,47.45
163,2024-01-29 13:11:32,lorimack@example.net,Dustin Dixon,PROD-924422,Headphones Cost,2,262.1
163,2024-01-29 13:11:32,lorimack@example.net,Dustin Dixon,PROD-642298,Jacket Feeling,3,431.46
163,2024-01-29 13:11:32,lorimack@example.net,Dustin Dixon,PROD-593229,Shoes Second,1,84.57
164,2024-09-24 13:11:32,brusso@example.net,Angela Mcbride,PROD-281185,Laptop Else,3,5223.96
164,2024-09-24 13:11:32,brusso@example.net,Angela Mcbride,PROD-726894,T-Shirt Rule,2,60.44
164,2024-09-24 13:11:32,brusso@example.net,Angela Mcbride,PROD-234658,Tablet While,2,849.68
164,2024-09-24 13:11:32,brusso@example.net,Angela Mcbride,PROD-455896,T-Shirt Him,2,64.24
165,2024-10-06 13:11:32,ronald98@example.net,Mrs. Rachel White,PROD-124439,Jacket Production,2,298.88
165,2024-10-06 13:11:32,ronald98@example.net,Mrs. Rachel White,PROD-964952,Jeans Nation,1,54.57
165,2024-10-06 13:11:32,ronald98@example.net,Mrs. Rachel White,PROD-290234,Comic Book Situation,1,36.85
165,2024-10-06 13:11:32,ronald98@example.net,Mrs. Rachel White,PROD-966627,Vacuum Cleaner Job,3,897.93
165,2024-10-06 13:11:32,ronald98@example.net,Mrs. Rachel White,PROD-904016,Tea Set Religious,2,91.18
166,2024-07-29 13:11:32,ginaramirez@example.org,Brandon Davis,PROD-817978,Blender Article,2,147.36
167,2024-03-29 13:11:32,edwardkennedy@example.net,John Johnson,PROD-179281,Basketball Card,2,58.5
168,2024-03-18 13:11:32,lindagibson@example.org,Marcus Brown,PROD-589713,Comic Book Recently,1,16.24
168,2024-03-18 13:11:32,lindagibson@example.org,Marcus Brown,PROD-3588,Perfume Foreign,1,105.7
169,2024-04-15 13:11:32,dianebutler@example.net,Robert Bowen,PROD-346955,Cookware Set Into,3,457.92
169,2024-04-15 13:11:32,dianebutler@example.net,Robert Bowen,PROD-966627,Vacuum Cleaner Job,2,598.62
169,2024-04-15 13:11:32,dianebutler@example.net,Robert Bowen,PROD-618484,Remote Car Should,2,185.28
170,2024-08-19 13:11:32,sara25@example.net,Patricia Young,PROD-628021,Cookware Set Drive,1,259.62
170,2024-08-19 13:11:32,sara25@example.net,Patricia Young,PROD-692961,T-Shirt Ever,3,57.15
170,2024-08-19 13:11:32,sara25@example.net,Patricia Young,PROD-695534,Novel Best,3,33.87
171,2024-01-21 13:11:32,cathychapman@example.org,Aaron Bailey,PROD-248866,Headphones Force,1,231.29
171,2024-01-21 13:11:32,cathychapman@example.org,Aaron Bailey,PROD-725523,Vacuum Cleaner Employee,2,478.3
171,2024-01-21 13:11:32,cathychapman@example.org,Aaron Bailey,PROD-281185,Laptop Else,2,3482.64
171,2024-01-21 13:11:32,cathychapman@example.org,Aaron Bailey,PROD-680484,Tennis Racket House,2,316.04
171,2024-01-21 13:11:32,cathychapman@example.org,Aaron Bailey,PROD-504870,Headphones Recognize,1,168.63
172,2024-08-05 13:11:32,fdowns@example.com,Chad Chavez,PROD-902411,Vacuum Cleaner Nor,2,571.08
172,2024-08-05 13:11:32,fdowns@example.com,Chad Chavez,PROD-731280,Dumbbells Plan,2,63.58
172,2024-08-05 13:11:32,fdowns@example.com,Chad Chavez,PROD-150759,Cookbook Eight,1,20.97
172,2024-08-05 13:11:32,fdowns@example.com,Chad Chavez,PROD-142601,Coffee Maker Soldier,1,108.78
173,2024-10-11 13:11:32,qbaker@example.com,Ian Lozano,PROD-647893,Textbook Section,3,317.43
174,2024-09-16 13:11:32,rebeccaodonnell@example.net,William Cline,PROD-677948,Tea Set Shake,1,76.27
175,2024-07-24 13:11:32,melissacarlson@example.org,Jenna Smith,PROD-589713,Comic Book Recently,1,16.24
175,2024-07-24 13:11:32,melissacarlson@example.org,Jenna Smith,PROD-304353,Novel Rate,1,20.34
175,2024-07-24 13:11:32,melissacarlson@example.org,Jenna Smith,PROD-726894,T-Shirt Rule,1,30.22
178,2024-02-14 13:11:32,karen21@example.com,Timothy Wyatt,PROD-898220,Cookbook Gun,1,49.76
178,2024-02-14 13:11:32,karen21@example.com,Timothy Wyatt,PROD-410343,Building Blocks Guy,1,90.55
178,2024-02-14 13:11:32,karen21@example.com,Timothy Wyatt,PROD-930838,Laptop Can,3,5685.84
178,2024-02-14 13:11:32,karen21@example.com,Timothy Wyatt,PROD-988052,Tennis Racket Dream,2,115.22
178,2024-02-14 13:11:32,karen21@example.com,Timothy Wyatt,PROD-821753,Basketball Keep,1,44.07
179,2024-08-26 13:11:32,ginaramirez@example.org,Brandon Davis,PROD-108644,Perfume Member,3,280.32
179,2024-08-26 13:11:32,ginaramirez@example.org,Brandon Davis,PROD-449397,Yoga Mat Meet,2,55.1
179,2024-08-26 13:11:32,ginaramirez@example.org,Brandon Davis,PROD-279202,Perfume Serious,1,75.68
180,2024-08-02 13:11:32,lambertanna@example.net,John Miller,PROD-130583,Cookbook Staff,2,53.22
180,2024-08-02 13:11:32,lambertanna@example.net,John Miller,PROD-680484,Tennis Racket House,1,158.02
180,2024-08-02 13:11:32,lambertanna@example.net,John Miller,PROD-828001,Hair Dryer Shake,1,33.81
180,2024-08-02 13:11:32,lambertanna@example.net,John Miller,PROD-350451,Blender Build,3,180.6
181,2023-12-31 13:11:32,edwardkennedy@example.net,John Johnson,PROD-961255,Board Game Especially,2,74.54
181,2023-12-31 13:11:32,edwardkennedy@example.net,John Johnson,PROD-915705,Perfume Color,2,85.84
181,2023-12-31 13:11:32,edwardkennedy@example.net,John Johnson,PROD-279202,Perfume Serious,3,227.04
181,2023-12-31 13:11:32,edwardkennedy@example.net,John Johnson,PROD-457740,Action Figure Want,2,41.22
181,2023-12-31 13:11:32,edwardkennedy@example.net,John Johnson,PROD-290234,Comic Book Situation,3,110.55
182,2024-07-23 13:11:32,desireegreen@example.net,Kristen Burnett,PROD-644552,Tea Set Whole,2,117.18
182,2024-07-23 13:11:32,desireegreen@example.net,Kristen Burnett,PROD-618484,Remote Car Should,1,92.64
183,2023-11-21 13:11:32,zmeyer@example.org,Mark Gonzales,PROD-930838,Laptop Can,1,1895.28
183,2023-11-21 13:11:32,zmeyer@example.org,Mark Gonzales,PROD-614546,Chocolate Box Bed,1,47.29
183,2023-11-21 13:11:32,zmeyer@example.org,Mark Gonzales,PROD-703923,Tablet Could,2,1355.76
184,2024-10-27 13:11:32,janet60@example.net,William Mcintyre,PROD-123161,Cookbook Outside,2,61.8
184,2024-10-27 13:11:32,janet60@example.net,William Mcintyre,PROD-695534,Novel Best,2,22.58
184,2024-10-27 13:11:32,janet60@example.net,William Mcintyre,PROD-677948,Tea Set Shake,2,152.54
184,2024-10-27 13:11:32,janet60@example.net,William Mcintyre,PROD-793581,Skincare Set Quite,3,237.03
185,2024-09-27 13:11:32,chadwright@example.org,Andrew Howell,PROD-785666,Perfume Husband,3,240.99
185,2024-09-27 13:11:32,chadwright@example.org,Andrew Howell,PROD-703923,Tablet Could,3,2033.64
186,2024-07-17 13:11:32,cassandrathomas@example.net,Ryan Tucker,PROD-785666,Perfume Husband,1,80.33
186,2024-07-17 13:11:32,cassandrathomas@example.net,Ryan Tucker,PROD-571675,Smartphone Believe,3,1600.89
186,2024-07-17 13:11:32,cassandrathomas@example.net,Ryan Tucker,PROD-270163,Jeans Specific,1,50.93
187,2024-07-15 13:11:32,bradleymichelle@example.net,Randy Solis,PROD-930838,Laptop Can,1,1895.28
188,2024-10-09 13:11:32,tiffanymarsh@example.org,Ashley Eaton,PROD-998264,Remote Car Even,2,220.36
190,2024-09-06 13:11:32,cathychapman@example.org,Aaron Bailey,PROD-225240,Jacket Different,2,289.94
190,2024-09-06 13:11:32,cathychapman@example.org,Aaron Bailey,PROD-553647,Wine Policy,2,83.76
190,2024-09-06 13:11:32,cathychapman@example.org,Aaron Bailey,PROD-218842,Action Figure Detail,3,68.94
191,2024-08-09 13:11:32,ivasquez@example.org,Joseph Yu,PROD-83082,Tennis Racket Foreign,3,369.51
191,2024-08-09 13:11:32,ivasquez@example.org,Joseph Yu,PROD-327799,Jacket Concern,2,231.44
191,2024-08-09 13:11:32,ivasquez@example.org,Joseph Yu,PROD-549233,Vacuum Cleaner Scene,3,898.14
192,2024-03-02 13:11:32,bradleymichelle@example.net,Randy Solis,PROD-360686,Tea Set Only,2,116.96
192,2024-03-02 13:11:32,bradleymichelle@example.net,Randy Solis,PROD-241843,Laptop Health,2,3133.7
192,2024-03-02 13:11:32,bradleymichelle@example.net,Randy Solis,PROD-871595,Jacket Sing,1,136.35
192,2024-03-02 13:11:32,bradleymichelle@example.net,Randy Solis,PROD-692961,T-Shirt Ever,1,19.05
193,2024-04-30 13:11:32,cbarnett@example.org,Robin Garcia,PROD-661277,Chocolate Box Indeed,1,37.35
194,2024-06-13 13:11:32,amy00@example.org,James James,PROD-340210,Textbook Ask,1,113.15
194,2024-06-13 13:11:32,amy00@example.org,James James,PROD-995493,Action Figure Name,2,72.14
194,2024-06-13 13:11:32,amy00@example.org,James James,PROD-59227,Coffee Maker Nation,1,70.73
194,2024-06-13 13:11:32,amy00@example.org,James James,PROD-563933,Headphones Theory,2,567.64
194,2024-06-13 13:11:32,amy00@example.org,James James,PROD-849622,Textbook Good,3,156.48
196,2023-11-28 13:11:32,carterbryan@example.com,Sarah Olson,PROD-272382,Board Game Cup,2,82.72
196,2023-11-28 13:11:32,carterbryan@example.com,Sarah Olson,PROD-877448,Hair Dryer Study,1,30.84
196,2023-11-28 13:11:32,carterbryan@example.com,Sarah Olson,PROD-738313,Smartphone Itself,2,1506.6
196,2023-11-28 13:11:32,carterbryan@example.com,Sarah Olson,PROD-804216,T-Shirt Throughout,2,35.38
196,2023-11-28 13:11:32,carterbryan@example.com,Sarah Olson,PROD-464362,Chocolate Box Catch,3,138.78
197,2024-03-09 13:11:32,thompsonjames@example.org,Tina Smith,PROD-491772,Basketball Ability,3,80.91
197,2024-03-09 13:11:32,thompsonjames@example.org,Tina Smith,PROD-692961,T-Shirt Ever,1,19.05
197,2024-03-09 13:11:32,thompsonjames@example.org,Tina Smith,PROD-649144,Tennis Racket Mrs,3,434.97
197,2024-03-09 13:11:32,thompsonjames@example.org,Tina Smith,PROD-346955,Cookware Set Into,1,152.64
197,2024-03-09 13:11:32,thompsonjames@example.org,Tina Smith,PROD-932364,Laptop Three,1,915.14
198,2024-09-12 13:11:32,austinholmes@example.org,Antonio Wright,PROD-346955,Cookware Set Into,3,457.92
200,2024-01-28 13:11:32,donald05@example.org,Dawn Snow,PROD-132980,Building Blocks Level,3,266.7
201,2024-08-10 13:11:32,sara25@example.net,Patricia Young,PROD-279202,Perfume Serious,3,227.04
201,2024-08-10 13:11:32,sara25@example.net,Patricia Young,PROD-440697,Vacuum Cleaner Stock,3,603.72
201,2024-08-10 13:11:32,sara25@example.net,Patricia Young,PROD-737560,Laptop Door,1,1902.31
202,2024-07-18 13:11:32,austinholmes@example.org,Antonio Wright,PROD-11761,Cookware Set Society,1,126.31
202,2024-07-18 13:11:32,austinholmes@example.org,Antonio Wright,PROD-579955,Smartphone Wind,3,2413.68
202,2024-07-18 13:11:32,austinholmes@example.org,Antonio Wright,PROD-785666,Perfume Husband,3,240.99
202,2024-07-18 13:11:32,austinholmes@example.org,Antonio Wright,PROD-210333,Board Game City,1,28.03
203,2024-03-08 13:11:32,wesley52@example.org,Christine Clark,PROD-290234,Comic Book Situation,2,73.7
203,2024-03-08 13:11:32,wesley52@example.org,Christine Clark,PROD-855181,Tablet Tree,3,1879.29
203,2024-03-08 13:11:32,wesley52@example.org,Christine Clark,PROD-139460,Skincare Set Organization,3,235.77
204,2024-01-13 13:11:32,jamiecooper@example.org,Bonnie Taylor,PROD-234658,Tablet While,3,1274.52
204,2024-01-13 13:11:32,jamiecooper@example.org,Bonnie Taylor,PROD-454962,Coffee Beans By,2,51.44
204,2024-01-13 13:11:32,jamiecooper@example.org,Bonnie Taylor,PROD-251779,Basketball Notice,3,151.17
204,2024-01-13 13:11:32,jamiecooper@example.org,Bonnie Taylor,PROD-304353,Novel Rate,1,20.34
204,2024-01-13 13:11:32,jamiecooper@example.org,Bonnie Taylor,PROD-737560,Laptop Door,2,3804.62
205,2024-02-07 13:11:32,yjohnson@example.net,Jessica Terry,PROD-251779,Basketball Notice,3,151.17
205,2024-02-07 13:11:32,yjohnson@example.net,Jessica Terry,PROD-604151,Coffee Beans Season,1,38.04
205,2024-02-07 13:11:32,yjohnson@example.net,Jessica Terry,PROD-780099,Tea Set Camera,1,73.21
205,2024-02-07 13:11:32,yjohnson@example.net,Jessica Terry,PROD-369827,Board Game Whatever,2,94.9
205,2024-02-07 13:11:32,yjohnson@example.net,Jessica Terry,PROD-64586,Blender Particular,3,285.57
206,2023-12-30 13:11:32,michael06@example.net,Brandon Jackson,PROD-329461,Makeup Kit Capital,1,111.64
206,2023-12-30 13:11:32,michael06@example.net,Brandon Jackson,PROD-828001,Hair Dryer Shake,3,101.43
206,2023-12-30 13:11:32,michael06@example.net,Brandon Jackson,PROD-737560,Laptop Door,3,5706.93
206,2023-12-30 13:11:32,michael06@example.net,Brandon Jackson,PROD-930838,Laptop Can,2,3790.56
207,2024-06-29 13:11:32,brusso@example.net,Angela Mcbride,PROD-738313,Smartphone Itself,3,2259.9
207,2024-06-29 13:11:32,brusso@example.net,Angela Mcbride,PROD-964952,Jeans Nation,3,163.71
207,2024-06-29 13:11:32,brusso@example.net,Angela Mcbride,PROD-21692,Hair Dryer Mother,3,119.7
207,2024-06-29 13:11:32,brusso@example.net,Angela Mcbride,PROD-995493,Action Figure Name,3,108.21
207,2024-06-29 13:11:32,brusso@example.net,Angela Mcbride,PROD-346955,Cookware Set Into,3,457.92
208,2024-08-31 13:11:32,eric66@example.org,Maria Contreras,PROD-671140,Novel Responsibility,1,16.61
208,2024-08-31 13:11:32,eric66@example.org,Maria Contreras,PROD-301097,Smartphone Message,3,3127.83
208,2024-08-31 13:11:32,eric66@example.org,Maria Contreras,PROD-939587,Remote Car Black,1,49.95
208,2024-08-31 13:11:32,eric66@example.org,Maria Contreras,PROD-477018,Tennis Racket Water,3,366.36
209,2023-12-11 13:11:32,carla69@example.net,Jerry Marks,PROD-553171,Shoes High,1,91.26
209,2023-12-11 13:11:32,carla69@example.net,Jerry Marks,PROD-693617,Coffee Maker Size,1,31.46
209,2023-12-11 13:11:32,carla69@example.net,Jerry Marks,PROD-877448,Hair Dryer Study,1,30.84
210,2023-12-14 13:11:32,davisanthony@example.org,Sara Daniels,PROD-719484,Novel Quite,3,42.87
210,2023-12-14 13:11:32,davisanthony@example.org,Sara Daniels,PROD-677948,Tea Set Shake,2,152.54
210,2023-12-14 13:11:32,davisanthony@example.org,Sara Daniels,PROD-595541,Coffee Maker Fight,2,179.34
211,2024-09-19 13:11:32,ronald98@example.net,Mrs. Rachel White,PROD-658133,Tennis Racket Name,3,411.36
211,2024-09-19 13:11:32,ronald98@example.net,Mrs. Rachel White,PROD-455896,T-Shirt Him,2,64.24
211,2024-09-19 13:11:32,ronald98@example.net,Mrs. Rachel White,PROD-610992,Comic Book Claim,1,21.42
211,2024-09-19 13:11:32,ronald98@example.net,Mrs. Rachel White,PROD-241843,Laptop Health,2,3133.7
213,2024-08-03 13:11:32,bradleymichelle@example.net,Randy Solis,PROD-455896,T-Shirt Him,1,32.12
213,2024-08-03 13:11:32,bradleymichelle@example.net,Randy Solis,PROD-126156,Building Blocks Guess,3,229.44
213,2024-08-03 13:11:32,bradleymichelle@example.net,Randy Solis,PROD-514208,Coffee Beans At,1,37.24
213,2024-08-03 13:11:32,bradleymichelle@example.net,Randy Solis,PROD-924422,Headphones Cost,3,393.15
214,2023-12-29 13:11:32,luke80@example.org,Justin Goodman DDS,PROD-549233,Vacuum Cleaner Scene,3,898.14
214,2023-12-29 13:11:32,luke80@example.org,Justin Goodman DDS,PROD-951366,Action Figure Assume,1,35.36
214,2023-12-29 13:11:32,luke80@example.org,Justin Goodman DDS,PROD-995493,Action Figure Name,1,36.07
215,2024-06-05 13:11:32,rebeccaodonnell@example.net,William Cline,PROD-222789,Skincare Set Brother,1,64.81
216,2024-07-27 13:11:32,karen21@example.com,Timothy Wyatt,PROD-685406,Headphones Capital,2,516.46
216,2024-07-27 13:11:32,karen21@example.com,Timothy Wyatt,PROD-898220,Cookbook Gun,1,49.76
216,2024-07-27 13:11:32,karen21@example.com,Timothy Wyatt,PROD-595541,Coffee Maker Fight,3,269.01
217,2024-08-09 13:11:32,joseph34@example.com,Ruth Simon,PROD-658133,Tennis Racket Name,2,274.24
217,2024-08-09 13:11:32,joseph34@example.com,Ruth Simon,PROD-844773,Coffee Maker Choice,2,79.68
217,2024-08-09 13:11:32,joseph34@example.com,Ruth Simon,PROD-225030,T-Shirt Under,2,75.4
218,2024-10-22 13:11:32,austinholmes@example.org,Antonio Wright,PROD-59227,Coffee Maker Nation,3,212.19
218,2024-10-22 13:11:32,austinholmes@example.org,Antonio Wright,PROD-589713,Comic Book Recently,3,48.72
218,2024-10-22 13:11:32,austinholmes@example.org,Antonio Wright,PROD-553647,Wine Policy,3,125.64
218,2024-10-22 13:11:32,austinholmes@example.org,Antonio Wright,PROD-939804,Tennis Racket Expert,2,227.34
220,2023-11-15 13:11:32,kennedytanya@example.com,Madison Lynch,PROD-270163,Jeans Specific,2,101.86
220,2023-11-15 13:11:32,kennedytanya@example.com,Madison Lynch,PROD-647893,Textbook Section,1,105.81
220,2023-11-15 13:11:32,kennedytanya@example.com,Madison Lynch,PROD-477018,Tennis Racket Water,2,244.24
220,2023-11-15 13:11:32,kennedytanya@example.com,Madison Lynch,PROD-692961,T-Shirt Ever,3,57.15
221,2024-02-04 13:11:32,donald05@example.org,Dawn Snow,PROD-410447,Tablet Entire,3,2369.55
223,2024-08-06 13:11:32,pdelgado@example.com,Briana Lee,PROD-589713,Comic Book Recently,3,48.72
223,2024-08-06 13:11:32,pdelgado@example.com,Briana Lee,PROD-997546,Jeans Suggest,2,172.58
223,2024-08-06 13:11:32,pdelgado@example.com,Briana Lee,PROD-124439,Jacket Production,2,298.88
223,2024-08-06 13:11:32,pdelgado@example.com,Briana Lee,PROD-123161,Cookbook Outside,2,61.8
224,2024-05-20 13:11:32,christopherjensen@example.net,William Howard,PROD-732561,Chocolate Box Four,1,43.98
224,2024-05-20 13:11:32,christopherjensen@example.net,William Howard,PROD-179281,Basketball Card,1,29.25
224,2024-05-20 13:11:32,christopherjensen@example.net,William Howard,PROD-156173,Tablet Spend,3,1359.48
224,2024-05-20 13:11:32,christopherjensen@example.net,William Howard,PROD-327922,Wine Various,3,228.93
224,2024-05-20 13:11:32,christopherjensen@example.net,William Howard,PROD-489514,Smartphone Design,3,3328.92
225,2024-06-02 13:11:32,jared48@example.org,Brian Bauer,PROD-99776,Blender Major,3,441.15
225,2024-06-02 13:11:32,jared48@example.org,Brian Bauer,PROD-410447,Tablet Entire,3,2369.55
225,2024-06-02 13:11:32,jared48@example.org,Brian Bauer,PROD-534066,Perfume Issue,3,139.41
225,2024-06-02 13:11:32,jared48@example.org,Brian Bauer,PROD-454999,Yoga Mat Fast,2,95.96
225,2024-06-02 13:11:32,jared48@example.org,Brian Bauer,PROD-995493,Action Figure Name,1,36.07
226,2024-07-21 13:11:32,randallharrington@example.com,Darrell Hess,PROD-680335,Remote Car Mean,2,132.34
226,2024-07-21 13:11:32,randallharrington@example.com,Darrell Hess,PROD-780099,Tea Set Camera,2,146.42
227,2024-04-08 13:11:32,michael06@example.net,Brandon Jackson,PROD-401916,Makeup Kit Break,2,263.78
227,2024-04-08 13:11:32,michael06@example.net,Brandon Jackson,PROD-802700,Textbook Future,2,255.04
227,2024-04-08 13:11:32,michael06@example.net,Brandon Jackson,PROD-664769,Textbook Factor,1,88.13
227,2024-04-08 13:11:32,michael06@example.net,Brandon Jackson,PROD-649144,Tennis Racket Mrs,2,289.98
227,2024-04-08 13:11:32,michael06@example.net,Brandon Jackson,PROD-966627,Vacuum Cleaner Job,3,897.93
228,2024-01-03 13:11:32,sara25@example.net,Patricia Young,PROD-210333,Board Game City,2,56.06
228,2024-01-03 13:11:32,sara25@example.net,Patricia Young,PROD-449397,Yoga Mat Meet,3,82.65
228,2024-01-03 13:11:32,sara25@example.net,Patricia Young,PROD-588261,Action Figure Listen,2,73.02
229,2024-08-19 13:11:32,frankjohnson@example.net,Heather Martin,PROD-900758,Action Figure Can,2,48.72
230,2024-06-20 13:11:32,chadwright@example.org,Andrew Howell,PROD-327799,Jacket Concern,1,115.72
230,2024-06-20 13:11:32,chadwright@example.org,Andrew Howell,PROD-357168,Makeup Kit Clearly,1,176.25
231,2024-05-22 13:11:32,karenwilson@example.net,Matthew Williams,PROD-66421,Chocolate Box Nor,3,87.18
231,2024-05-22 13:11:32,karenwilson@example.net,Matthew Williams,PROD-924422,Headphones Cost,3,393.15
231,2024-05-22 13:11:32,karenwilson@example.net,Matthew Williams,PROD-828001,Hair Dryer Shake,3,101.43
231,2024-05-22 13:11:32,karenwilson@example.net,Matthew Williams,PROD-656923,Yoga Mat Reason,3,104.22
231,2024-05-22 13:11:32,karenwilson@example.net,Matthew Williams,PROD-725523,Vacuum Cleaner Employee,1,239.15
232,2024-03-26 13:11:32,sara25@example.net,Patricia Young,PROD-327922,Wine Various,1,76.31
233,2024-01-29 13:11:32,chadwright@example.org,Andrew Howell,PROD-900758,Action Figure Can,2,48.72
233,2024-01-29 13:11:32,chadwright@example.org,Andrew Howell,PROD-804216,T-Shirt Throughout,1,17.69
233,2024-01-29 13:11:32,chadwright@example.org,Andrew Howell,PROD-995493,Action Figure Name,3,108.21
234,2024-07-24 13:11:32,fdowns@example.com,Chad Chavez,PROD-328739,Shoes Alone,3,302.67
234,2024-07-24 13:11:32,fdowns@example.com,Chad Chavez,PROD-656923,Yoga Mat Reason,1,34.74
236,2024-02-14 13:11:32,janet60@example.net,William Mcintyre,PROD-173552,Dumbbells Response,1,49.7
236,2024-02-14 13:11:32,janet60@example.net,William Mcintyre,PROD-618484,Remote Car Should,1,92.64
237,2024-04-23 13:11:32,carla69@example.net,Jerry Marks,PROD-535348,Smartphone Policy,1,1192.25
239,2024-06-13 13:11:32,rebeccaodonnell@example.net,William Cline,PROD-849622,Textbook Good,1,52.16
239,2024-06-13 13:11:32,rebeccaodonnell@example.net,William Cline,PROD-131586,Shoes Hour,2,122.34
239,2024-06-13 13:11:32,rebeccaodonnell@example.net,William Cline,PROD-142601,Coffee Maker Soldier,2,217.56
239,2024-06-13 13:11:32,rebeccaodonnell@example.net,William Cline,PROD-159132,Laptop Everything,3,3679.74
240,2024-03-17 13:11:32,janet60@example.net,William Mcintyre,PROD-904016,Tea Set Religious,2,91.18
240,2024-03-17 13:11:32,janet60@example.net,William Mcintyre,PROD-130583,Cookbook Staff,2,53.22
240,2024-03-17 13:11:32,janet60@example.net,William Mcintyre,PROD-225030,T-Shirt Under,1,37.7
241,2024-11-11 13:11:32,dpugh@example.org,Stephen Navarro,PROD-454999,Yoga Mat Fast,1,47.98
241,2024-11-11 13:11:32,dpugh@example.org,Stephen Navarro,PROD-534307,Building Blocks Suffer,2,116.34
241,2024-11-11 13:11:32,dpugh@example.org,Stephen Navarro,PROD-996486,Remote Car Want,1,42.05
241,2024-11-11 13:11:32,dpugh@example.org,Stephen Navarro,PROD-369827,Board Game Whatever,2,94.9
242,2024-01-14 13:11:32,lisa95@example.net,Mr. Danny Vance Jr.,PROD-234658,Tablet While,3,1274.52
242,2024-01-14 13:11:32,lisa95@example.net,Mr. Danny Vance Jr.,PROD-422556,Cookware Set Shake,1,145.44
242,2024-01-14 13:11:32,lisa95@example.net,Mr. Danny Vance Jr.,PROD-656923,Yoga Mat Reason,3,104.22
244,2024-11-08 13:11:32,luke80@example.org,Justin Goodman DDS,PROD-218842,Action Figure Detail,1,22.98
246,2024-01-27 13:11:32,dpugh@example.org,Stephen Navarro,PROD-622030,Basketball Clear,2,51.36
247,2024-04-12 13:11:32,qbaker@example.com,Ian Lozano,PROD-377090,Jeans Thank,2,158.62
247,2024-04-12 13:11:32,qbaker@example.com,Ian Lozano,PROD-966627,Vacuum Cleaner Job,2,598.62
247,2024-04-12 13:11:32,qbaker@example.com,Ian Lozano,PROD-644552,Tea Set Whole,1,58.59
248,2024-05-26 13:11:32,karenwilson@example.net,Matthew Williams,PROD-352389,Yoga Mat Simply,1,28.21
248,2024-05-26 13:11:32,karenwilson@example.net,Matthew Williams,PROD-877448,Hair Dryer Study,3,92.52
248,2024-05-26 13:11:32,karenwilson@example.net,Matthew Williams,PROD-647893,Textbook Section,1,105.81
249,2024-10-10 13:11:32,teresanguyen@example.org,John Dominguez,PROD-345324,Blender Benefit,2,240.12
251,2024-01-30 13:11:32,kennedytanya@example.com,Madison Lynch,PROD-924513,Jeans Media,3,176.85
251,2024-01-30 13:11:32,kennedytanya@example.com,Madison Lynch,PROD-966627,Vacuum Cleaner Job,3,897.93
251,2024-01-30 13:11:32,kennedytanya@example.com,Madison Lynch,PROD-108644,Perfume Member,3,280.32
251,2024-01-30 13:11:32,kennedytanya@example.com,Madison Lynch,PROD-225030,T-Shirt Under,2,75.4
251,2024-01-30 13:11:32,kennedytanya@example.com,Madison Lynch,PROD-50124,Coffee Beans Within,1,29.7
252,2024-09-07 13:11:32,johnwilliams@example.com,Michael Hall,PROD-21692,Hair Dryer Mother,3,119.7
252,2024-09-07 13:11:32,johnwilliams@example.com,Michael Hall,PROD-966627,Vacuum Cleaner Job,3,897.93
254,2024-03-30 13:11:32,woodsmorgan@example.com,Mallory Williams,PROD-3514,Cookbook House,3,80.64
254,2024-03-30 13:11:32,woodsmorgan@example.com,Mallory Williams,PROD-83082,Tennis Racket Foreign,3,369.51
255,2024-05-06 13:11:32,twright@example.com,Jeremy Thompson,PROD-131586,Shoes Hour,1,61.17
256,2024-10-09 13:11:32,twright@example.com,Jeremy Thompson,PROD-454999,Yoga Mat Fast,2,95.96
256,2024-10-09 13:11:32,twright@example.com,Jeremy Thompson,PROD-156173,Tablet Spend,2,906.32
256,2024-10-09 13:11:32,twright@example.com,Jeremy Thompson,PROD-251779,Basketball Notice,3,151.17
256,2024-10-09 13:11:32,twright@example.com,Jeremy Thompson,PROD-459247,Tea Set Music,1,45.43
256,2024-10-09 13:11:32,twright@example.com,Jeremy Thompson,PROD-900758,Action Figure Can,1,24.36
258,2024-09-28 13:11:32,johnwilliams@example.com,Michael Hall,PROD-895268,Cookbook Usually,2,81.6
258,2024-09-28 13:11:32,johnwilliams@example.com,Michael Hall,PROD-950425,Coffee Maker Second,2,200.74
258,2024-09-28 13:11:32,johnwilliams@example.com,Michael Hall,PROD-59227,Coffee Maker Nation,2,141.46
258,2024-09-28 13:11:32,johnwilliams@example.com,Michael Hall,PROD-454962,Coffee Beans By,1,25.72
259,2023-12-25 13:11:32,amy40@example.com,Mary Brock,PROD-327799,Jacket Concern,1,115.72
259,2023-12-25 13:11:32,amy40@example.com,Mary Brock,PROD-455896,T-Shirt Him,3,96.36
259,2023-12-25 13:11:32,amy40@example.com,Mary Brock,PROD-248866,Headphones Force,2,462.58
259,2023-12-25 13:11:32,amy40@example.com,Mary Brock,PROD-671140,Novel Responsibility,3,49.83
260,2023-11-14 13:11:32,eric66@example.org,Maria Contreras,PROD-809210,Makeup Kit Plan,1,95.49
260,2023-11-14 13:11:32,eric66@example.org,Maria Contreras,PROD-455896,T-Shirt Him,2,64.24
260,2023-11-14 13:11:32,eric66@example.org,Maria Contreras,PROD-366229,T-Shirt Student,2,44.06
260,2023-11-14 13:11:32,eric66@example.org,Maria Contreras,PROD-464362,Chocolate Box Catch,3,138.78
260,2023-11-14 13:11:32,eric66@example.org,Maria Contreras,PROD-747471,Makeup Kit Environmental,2,261.04
261,2024-04-24 13:11:32,twright@example.com,Jeremy Thompson,PROD-218842,Action Figure Detail,3,68.94
261,2024-04-24 13:11:32,twright@example.com,Jeremy Thompson,PROD-647893,Textbook Section,3,317.43
261,2024-04-24 13:11:32,twright@example.com,Jeremy Thompson,PROD-961255,Board Game Especially,3,111.81
261,2024-04-24 13:11:32,twright@example.com,Jeremy Thompson,PROD-553647,Wine Policy,1,41.88
261,2024-04-24 13:11:32,twright@example.com,Jeremy Thompson,PROD-352389,Yoga Mat Simply,2,56.42
262,2023-11-17 13:11:32,emma58@example.org,Robert Jensen,PROD-553647,Wine Policy,3,125.64
262,2023-11-17 13:11:32,emma58@example.org,Robert Jensen,PROD-692961,T-Shirt Ever,1,19.05
263,2024-10-28 13:11:32,jamiecooper@example.org,Bonnie Taylor,PROD-455896,T-Shirt Him,3,96.36
263,2024-10-28 13:11:32,jamiecooper@example.org,Bonnie Taylor,PROD-459247,Tea Set Music,3,136.29
265,2024-09-20 13:11:32,teresanguyen@example.org,John Dominguez,PROD-139460,Skincare Set Organization,2,157.18
267,2024-08-15 13:11:32,marcserrano@example.com,Kathryn Frost,PROD-99776,Blender Major,1,147.05
268,2024-10-20 13:11:32,frankjohnson@example.net,Heather Martin,PROD-995493,Action Figure Name,1,36.07
269,2024-08-08 13:11:32,pdelgado@example.com,Briana Lee,PROD-83082,Tennis Racket Foreign,3,369.51
269,2024-08-08 13:11:32,pdelgado@example.com,Briana Lee,PROD-3514,Cookbook House,3,80.64
269,2024-08-08 13:11:32,pdelgado@example.com,Briana Lee,PROD-694420,Perfume Behavior,3,444.27
269,2024-08-08 13:11:32,pdelgado@example.com,Briana Lee,PROD-64586,Blender Particular,1,95.19
270,2024-05-02 13:11:32,luke80@example.org,Justin Goodman DDS,PROD-42068,Tennis Racket Near,1,93.64
270,2024-05-02 13:11:32,luke80@example.org,Justin Goodman DDS,PROD-801541,Vacuum Cleaner Apply,2,397.08
270,2024-05-02 13:11:32,luke80@example.org,Justin Goodman DDS,PROD-352389,Yoga Mat Simply,2,56.42
270,2024-05-02 13:11:32,luke80@example.org,Justin Goodman DDS,PROD-279202,Perfume Serious,3,227.04
270,2024-05-02 13:11:32,luke80@example.org,Justin Goodman DDS,PROD-225030,T-Shirt Under,3,113.1
271,2024-10-10 13:11:32,frankjohnson@example.net,Heather Martin,PROD-290234,Comic Book Situation,3,110.55
271,2024-10-10 13:11:32,frankjohnson@example.net,Heather Martin,PROD-139460,Skincare Set Organization,2,157.18
272,2023-11-23 13:11:32,timothyjohnson@example.net,Brett Munoz,PROD-440697,Vacuum Cleaner Stock,1,201.24
272,2023-11-23 13:11:32,timothyjohnson@example.net,Brett Munoz,PROD-703923,Tablet Could,2,1355.76
273,2024-07-25 13:11:32,melissacarlson@example.org,Jenna Smith,PROD-458502,Board Game Around,3,115.86
273,2024-07-25 13:11:32,melissacarlson@example.org,Jenna Smith,PROD-738313,Smartphone Itself,3,2259.9
274,2024-09-13 13:11:32,ymorales@example.org,Dean Hampton,PROD-747471,Makeup Kit Environmental,3,391.56
274,2024-09-13 13:11:32,ymorales@example.org,Dean Hampton,PROD-785666,Perfume Husband,3,240.99
274,2024-09-13 13:11:32,ymorales@example.org,Dean Hampton,PROD-804216,T-Shirt Throughout,1,17.69
274,2024-09-13 13:11:32,ymorales@example.org,Dean Hampton,PROD-997546,Jeans Suggest,1,86.29
277,2024-04-28 13:11:32,juangraham@example.org,James Webster,PROD-222789,Skincare Set Brother,3,194.43
277,2024-04-28 13:11:32,juangraham@example.org,James Webster,PROD-731280,Dumbbells Plan,2,63.58
277,2024-04-28 13:11:32,juangraham@example.org,James Webster,PROD-99776,Blender Major,1,147.05
278,2024-03-10 13:11:32,rachel77@example.net,Gregory Robinson,PROD-410447,Tablet Entire,2,1579.7
278,2024-03-10 13:11:32,rachel77@example.net,Gregory Robinson,PROD-352389,Yoga Mat Simply,1,28.21
278,2024-03-10 13:11:32,rachel77@example.net,Gregory Robinson,PROD-738313,Smartphone Itself,2,1506.6
278,2024-03-10 13:11:32,rachel77@example.net,Gregory Robinson,PROD-692961,T-Shirt Ever,1,19.05
279,2024-05-04 13:11:32,joseph42@example.com,Deborah Murphy,PROD-3588,Perfume Foreign,3,317.1
279,2024-05-04 13:11:32,joseph42@example.com,Deborah Murphy,PROD-312693,Perfume Speak,3,401.7
279,2024-05-04 13:11:32,joseph42@example.com,Deborah Murphy,PROD-514208,Coffee Beans At,1,37.24
280,2024-08-16 13:11:32,fdowns@example.com,Chad Chavez,PROD-312693,Perfume Speak,1,133.9
280,2024-08-16 13:11:32,fdowns@example.com,Chad Chavez,PROD-270163,Jeans Specific,2,101.86
281,2023-12-29 13:11:32,jared48@example.org,Brian Bauer,PROD-685406,Headphones Capital,3,774.69
281,2023-12-29 13:11:32,jared48@example.org,Brian Bauer,PROD-793581,Skincare Set Quite,3,237.03
281,2023-12-29 13:11:32,jared48@example.org,Brian Bauer,PROD-132980,Building Blocks Level,2,177.8
281,2023-12-29 13:11:32,jared48@example.org,Brian Bauer,PROD-50124,Coffee Beans Within,1,29.7
284,2024-07-27 13:11:32,jared48@example.org,Brian Bauer,PROD-534066,Perfume Issue,2,92.94
284,2024-07-27 13:11:32,jared48@example.org,Brian Bauer,PROD-130583,Cookbook Staff,1,26.61
284,2024-07-27 13:11:32,jared48@example.org,Brian Bauer,PROD-747471,Makeup Kit Environmental,2,261.04
284,2024-07-27 13:11:32,jared48@example.org,Brian Bauer,PROD-821753,Basketball Keep,2,88.14
284,2024-07-27 13:11:32,jared48@example.org,Brian Bauer,PROD-352389,Yoga Mat Simply,1,28.21
286,2023-12-19 13:11:32,ortiztracy@example.com,Caitlin Fleming,PROD-304353,Novel Rate,1,20.34
286,2023-12-19 13:11:32,ortiztracy@example.com,Caitlin Fleming,PROD-658133,Tennis Racket Name,1,137.12
287,2024-05-24 13:11:32,johnwilliams@example.com,Michael Hall,PROD-119506,Wine Course,1,68.45
287,2024-05-24 13:11:32,johnwilliams@example.com,Michael Hall,PROD-961255,Board Game Especially,1,37.27
287,2024-05-24 13:11:32,johnwilliams@example.com,Michael Hall,PROD-628021,Cookware Set Drive,3,778.86
288,2024-08-31 13:11:32,sara25@example.net,Patricia Young,PROD-553171,Shoes High,1,91.26
288,2024-08-31 13:11:32,sara25@example.net,Patricia Young,PROD-247325,Wine Dinner,3,148.08
288,2024-08-31 13:11:32,sara25@example.net,Patricia Young,PROD-454999,Yoga Mat Fast,3,143.94
289,2024-11-10 13:11:32,janet60@example.net,William Mcintyre,PROD-327799,Jacket Concern,3,347.16
289,2024-11-10 13:11:32,janet60@example.net,William Mcintyre,PROD-366229,T-Shirt Student,2,44.06
290,2024-08-03 13:11:32,lisa95@example.net,Mr. Danny Vance Jr.,PROD-964952,Jeans Nation,3,163.71
290,2024-08-03 13:11:32,lisa95@example.net,Mr. Danny Vance Jr.,PROD-366229,T-Shirt Student,2,44.06
290,2024-08-03 13:11:32,lisa95@example.net,Mr. Danny Vance Jr.,PROD-477018,Tennis Racket Water,1,122.12
290,2024-08-03 13:11:32,lisa95@example.net,Mr. Danny Vance Jr.,PROD-504870,Headphones Recognize,3,505.89
291,2024-07-25 13:11:32,cassandrathomas@example.net,Ryan Tucker,PROD-93883,Board Game After,1,28.47
291,2024-07-25 13:11:32,cassandrathomas@example.net,Ryan Tucker,PROD-130583,Cookbook Staff,3,79.83
291,2024-07-25 13:11:32,cassandrathomas@example.net,Ryan Tucker,PROD-535348,Smartphone Policy,3,3576.75
292,2024-07-21 13:11:32,sara25@example.net,Patricia Young,PROD-369827,Board Game Whatever,2,94.9
293,2024-03-25 13:11:32,yjohnson@example.net,Jessica Terry,PROD-802700,Textbook Future,1,127.52
295,2024-07-05 13:11:32,woodsmorgan@example.com,Mallory Williams,PROD-604151,Coffee Beans Season,2,76.08
296,2024-01-11 13:11:32,lisa95@example.net,Mr. Danny Vance Jr.,PROD-398932,Jacket Everybody,3,468.87
296,2024-01-11 13:11:32,lisa95@example.net,Mr. Danny Vance Jr.,PROD-340210,Textbook Ask,1,113.15
296,2024-01-11 13:11:32,lisa95@example.net,Mr. Danny Vance Jr.,PROD-3588,Perfume Foreign,2,211.4
296,2024-01-11 13:11:32,lisa95@example.net,Mr. Danny Vance Jr.,PROD-588261,Action Figure Listen,3,109.53
297,2023-12-30 13:11:32,orodriguez@example.com,Raymond Fuller,PROD-618752,Comic Book Think,3,85.89
298,2024-01-12 13:11:32,herreraalexandra@example.net,Brianna Dalton,PROD-131586,Shoes Hour,3,183.51
298,2024-01-12 13:11:32,herreraalexandra@example.net,Brianna Dalton,PROD-137555,Jeans Case,1,60.32
298,2024-01-12 13:11:32,herreraalexandra@example.net,Brianna Dalton,PROD-947266,Comic Book Already,3,78.15
298,2024-01-12 13:11:32,herreraalexandra@example.net,Brianna Dalton,PROD-995493,Action Figure Name,2,72.14
298,2024-01-12 13:11:32,herreraalexandra@example.net,Brianna Dalton,PROD-801541,Vacuum Cleaner Apply,1,198.54
300,2024-05-08 13:11:32,randallharrington@example.com,Darrell Hess,PROD-109157,Cookware Set Politics,1,337.12
300,2024-05-08 13:11:32,randallharrington@example.com,Darrell Hess,PROD-725523,Vacuum Cleaner Employee,1,239.15
300,2024-05-08 13:11:32,randallharrington@example.com,Darrell Hess,PROD-398932,Jacket Everybody,1,156.29
9999,2024-11-11 14:48:55,test@example.com,Test Customer,TEST-001,Test Product,5,499.95
